x1,x2,x3,x4,x5,x6,x7,y,,
0.98,514.50,294.00,110.25,7.00,2,0.00,21.33,,
0.98,514.50,294.00,110.25,7.00,3,0.00,21.33,,
0.98,514.50,294.00,110.25,7.00,4,0.00,21.33,,
0.98,514.50,294.00,110.25,7.00,5,0.00,21.33,,
0.90,563.50,318.50,122.50,7.00,2,0.00,28.28,,
0.90,563.50,318.50,122.50,7.00,3,0.00,25.38,,
0.90,563.50,318.50,122.50,7.00,4,0.00,25.16,,
0.90,563.50,318.50,122.50,7.00,5,0.00,29.60,,
0.86,588.00,294.00,147.00,7.00,2,0.00,27.30,,
0.86,588.00,294.00,147.00,7.00,3,0.00,21.97,,
0.86,588.00,294.00,147.00,7.00,4,0.00,23.49,,
0.86,588.00,294.00,147.00,7.00,5,0.00,27.87,,
0.82,612.50,318.50,147.00,7.00,2,0.00,23.77,,
0.82,612.50,318.50,147.00,7.00,3,0.00,21.46,,
0.82,612.50,318.50,147.00,7.00,4,0.00,21.16,,
0.82,612.50,318.50,147.00,7.00,5,0.00,24.93,,
0.79,637.00,343.00,147.00,7.00,2,0.00,37.73,,
0.79,637.00,343.00,147.00,7.00,3,0.00,31.27,,
0.79,637.00,343.00,147.00,7.00,4,0.00,30.93,,
0.79,637.00,343.00,147.00,7.00,5,0.00,39.44,,
0.76,661.50,416.50,122.50,7.00,2,0.00,29.79,,
0.76,661.50,416.50,122.50,7.00,3,0.00,29.68,,
0.76,661.50,416.50,122.50,7.00,4,0.00,29.79,,
0.76,661.50,416.50,122.50,7.00,5,0.00,29.40,,
0.74,686.00,245.00,220.50,3.50,2,0.00,10.90,,
0.74,686.00,245.00,220.50,3.50,3,0.00,11.19,,
0.74,686.00,245.00,220.50,3.50,4,0.00,10.94,,
0.74,686.00,245.00,220.50,3.50,5,0.00,11.17,,
0.71,710.50,269.50,220.50,3.50,2,0.00,11.27,,
0.71,710.50,269.50,220.50,3.50,3,0.00,11.72,,
0.71,710.50,269.50,220.50,3.50,4,0.00,11.29,,
0.71,710.50,269.50,220.50,3.50,5,0.00,11.67,,
0.69,735.00,294.00,220.50,3.50,2,0.00,11.74,,
0.69,735.00,294.00,220.50,3.50,3,0.00,12.05,,
0.69,735.00,294.00,220.50,3.50,4,0.00,11.73,,
0.69,735.00,294.00,220.50,3.50,5,0.00,11.93,,
0.66,759.50,318.50,220.50,3.50,2,0.00,12.40,,
0.66,759.50,318.50,220.50,3.50,3,0.00,12.23,,
0.66,759.50,318.50,220.50,3.50,4,0.00,12.40,,
0.66,759.50,318.50,220.50,3.50,5,0.00,12.14,,
0.64,784.00,343.00,220.50,3.50,2,0.00,16.78,,
0.64,784.00,343.00,220.50,3.50,3,0.00,16.80,,
0.64,784.00,343.00,220.50,3.50,4,0.00,16.75,,
0.64,784.00,343.00,220.50,3.50,5,0.00,16.67,,
0.62,808.50,367.50,220.50,3.50,2,0.00,12.07,,
0.62,808.50,367.50,220.50,3.50,3,0.00,12.22,,
0.62,808.50,367.50,220.50,3.50,4,0.00,12.08,,
0.62,808.50,367.50,220.50,3.50,5,0.00,12.04,,
0.98,514.50,294.00,110.25,7.00,2,0.10,26.47,,
0.98,514.50,294.00,110.25,7.00,3,0.10,26.37,,
0.98,514.50,294.00,110.25,7.00,4,0.10,26.44,,
0.98,514.50,294.00,110.25,7.00,5,0.10,26.29,,
0.90,563.50,318.50,122.50,7.00,2,0.10,32.92,,
0.90,563.50,318.50,122.50,7.00,3,0.10,29.87,,
0.90,563.50,318.50,122.50,7.00,4,0.10,29.58,,
0.90,563.50,318.50,122.50,7.00,5,0.10,34.33,,
0.86,588.00,294.00,147.00,7.00,2,0.10,30.89,,
0.86,588.00,294.00,147.00,7.00,3,0.10,25.60,,
0.86,588.00,294.00,147.00,7.00,4,0.10,27.03,,
0.86,588.00,294.00,147.00,7.00,5,0.10,31.73,,
0.82,612.50,318.50,147.00,7.00,2,0.10,27.31,,
0.82,612.50,318.50,147.00,7.00,3,0.10,24.91,,
0.82,612.50,318.50,147.00,7.00,4,0.10,24.61,,
0.82,612.50,318.50,147.00,7.00,5,0.10,28.51,,
0.79,637.00,343.00,147.00,7.00,2,0.10,41.68,,
0.79,637.00,343.00,147.00,7.00,3,0.10,35.28,,
0.79,637.00,343.00,147.00,7.00,4,0.10,34.43,,
0.79,637.00,343.00,147.00,7.00,5,0.10,43.33,,
0.76,661.50,416.50,122.50,7.00,2,0.10,33.87,,
0.76,661.50,416.50,122.50,7.00,3,0.10,34.07,,
0.76,661.50,416.50,122.50,7.00,4,0.10,34.14,,
0.76,661.50,416.50,122.50,7.00,5,0.10,33.67,,
0.74,686.00,245.00,220.50,3.50,2,0.10,13.43,,
0.74,686.00,245.00,220.50,3.50,3,0.10,13.71,,
0.74,686.00,245.00,220.50,3.50,4,0.10,13.48,,
0.74,686.00,245.00,220.50,3.50,5,0.10,13.70,,
0.71,710.50,269.50,220.50,3.50,2,0.10,13.80,,
0.71,710.50,269.50,220.50,3.50,3,0.10,14.28,,
0.71,710.50,269.50,220.50,3.50,4,0.10,13.87,,
0.71,710.50,269.50,220.50,3.50,5,0.10,14.27,,
0.69,735.00,294.00,220.50,3.50,2,0.10,14.28,,
0.69,735.00,294.00,220.50,3.50,3,0.10,14.61,,
0.69,735.00,294.00,220.50,3.50,4,0.10,14.30,,
0.69,735.00,294.00,220.50,3.50,5,0.10,14.45,,
0.66,759.50,318.50,220.50,3.50,2,0.10,13.90,,
0.66,759.50,318.50,220.50,3.50,3,0.10,13.72,,
0.66,759.50,318.50,220.50,3.50,4,0.10,13.88,,
0.66,759.50,318.50,220.50,3.50,5,0.10,13.65,,
0.64,784.00,343.00,220.50,3.50,2,0.10,19.37,,
0.64,784.00,343.00,220.50,3.50,3,0.10,19.43,,
0.64,784.00,343.00,220.50,3.50,4,0.10,19.34,,
0.64,784.00,343.00,220.50,3.50,5,0.10,19.32,,
0.62,808.50,367.50,220.50,3.50,2,0.10,14.34,,
0.62,808.50,367.50,220.50,3.50,3,0.10,14.50,,
0.62,808.50,367.50,220.50,3.50,4,0.10,14.33,,
0.62,808.50,367.50,220.50,3.50,5,0.10,14.27,,
0.98,514.50,294.00,110.25,7.00,2,0.10,25.95,,
0.98,514.50,294.00,110.25,7.00,3,0.10,25.63,,
0.98,514.50,294.00,110.25,7.00,4,0.10,26.13,,
0.98,514.50,294.00,110.25,7.00,5,0.10,25.89,,
0.90,563.50,318.50,122.50,7.00,2,0.10,32.54,,
0.90,563.50,318.50,122.50,7.00,3,0.10,29.44,,
0.90,563.50,318.50,122.50,7.00,4,0.10,29.36,,
0.90,563.50,318.50,122.50,7.00,5,0.10,34.20,,
0.86,588.00,294.00,147.00,7.00,2,0.10,30.91,,
0.86,588.00,294.00,147.00,7.00,3,0.10,25.63,,
0.86,588.00,294.00,147.00,7.00,4,0.10,27.36,,
0.86,588.00,294.00,147.00,7.00,5,0.10,31.90,,
0.82,612.50,318.50,147.00,7.00,2,0.10,27.38,,
0.82,612.50,318.50,147.00,7.00,3,0.10,25.02,,
0.82,612.50,318.50,147.00,7.00,4,0.10,24.80,,
0.82,612.50,318.50,147.00,7.00,5,0.10,28.79,,
0.79,637.00,343.00,147.00,7.00,2,0.10,41.07,,
0.79,637.00,343.00,147.00,7.00,3,0.10,34.62,,
0.79,637.00,343.00,147.00,7.00,4,0.10,33.87,,
0.79,637.00,343.00,147.00,7.00,5,0.10,42.86,,
0.76,661.50,416.50,122.50,7.00,2,0.10,33.91,,
0.76,661.50,416.50,122.50,7.00,3,0.10,34.07,,
0.76,661.50,416.50,122.50,7.00,4,0.10,34.17,,
0.76,661.50,416.50,122.50,7.00,5,0.10,33.78,,
0.74,686.00,245.00,220.50,3.50,2,0.10,13.39,,
0.74,686.00,245.00,220.50,3.50,3,0.10,13.72,,
0.74,686.00,245.00,220.50,3.50,4,0.10,13.57,,
0.74,686.00,245.00,220.50,3.50,5,0.10,13.79,,
0.71,710.50,269.50,220.50,3.50,2,0.10,13.67,,
0.71,710.50,269.50,220.50,3.50,3,0.10,14.11,,
0.71,710.50,269.50,220.50,3.50,4,0.10,13.80,,
0.71,710.50,269.50,220.50,3.50,5,0.10,14.21,,
0.69,735.00,294.00,220.50,3.50,2,0.10,13.20,,
0.69,735.00,294.00,220.50,3.50,3,0.10,13.54,,
0.69,735.00,294.00,220.50,3.50,4,0.10,13.32,,
0.69,735.00,294.00,220.50,3.50,5,0.10,13.51,,
0.66,759.50,318.50,220.50,3.50,2,0.10,14.86,,
0.66,759.50,318.50,220.50,3.50,3,0.10,14.75,,
0.66,759.50,318.50,220.50,3.50,4,0.10,15.00,,
0.66,759.50,318.50,220.50,3.50,5,0.10,14.74,,
0.64,784.00,343.00,220.50,3.50,2,0.10,19.23,,
0.64,784.00,343.00,220.50,3.50,3,0.10,19.34,,
0.64,784.00,343.00,220.50,3.50,4,0.10,19.32,,
0.64,784.00,343.00,220.50,3.50,5,0.10,19.30,,
0.62,808.50,367.50,220.50,3.50,2,0.10,14.37,,
0.62,808.50,367.50,220.50,3.50,3,0.10,14.57,,
0.62,808.50,367.50,220.50,3.50,4,0.10,14.27,,
0.62,808.50,367.50,220.50,3.50,5,0.10,14.24,,
0.98,514.50,294.00,110.25,7.00,2,0.10,25.68,,
0.98,514.50,294.00,110.25,7.00,3,0.10,26.02,,
0.98,514.50,294.00,110.25,7.00,4,0.10,25.84,,
0.98,514.50,294.00,110.25,7.00,5,0.10,26.14,,
0.90,563.50,318.50,122.50,7.00,2,0.10,34.14,,
0.90,563.50,318.50,122.50,7.00,3,0.10,32.85,,
0.90,563.50,318.50,122.50,7.00,4,0.10,30.08,,
0.90,563.50,318.50,122.50,7.00,5,0.10,29.67,,
0.86,588.00,294.00,147.00,7.00,2,0.10,31.73,,
0.86,588.00,294.00,147.00,7.00,3,0.10,31.01,,
0.86,588.00,294.00,147.00,7.00,4,0.10,25.90,,
0.86,588.00,294.00,147.00,7.00,5,0.10,27.40,,
0.82,612.50,318.50,147.00,7.00,2,0.10,28.68,,
0.82,612.50,318.50,147.00,7.00,3,0.10,27.54,,
0.82,612.50,318.50,147.00,7.00,4,0.10,25.35,,
0.82,612.50,318.50,147.00,7.00,5,0.10,24.93,,
0.79,637.00,343.00,147.00,7.00,2,0.10,43.12,,
0.79,637.00,343.00,147.00,7.00,3,0.10,41.22,,
0.79,637.00,343.00,147.00,7.00,4,0.10,35.10,,
0.79,637.00,343.00,147.00,7.00,5,0.10,34.29,,
0.76,661.50,416.50,122.50,7.00,2,0.10,33.85,,
0.76,661.50,416.50,122.50,7.00,3,0.10,34.11,,
0.76,661.50,416.50,122.50,7.00,4,0.10,34.48,,
0.76,661.50,416.50,122.50,7.00,5,0.10,34.50,,
0.74,686.00,245.00,220.50,3.50,2,0.10,13.60,,
0.74,686.00,245.00,220.50,3.50,3,0.10,13.36,,
0.74,686.00,245.00,220.50,3.50,4,0.10,13.65,,
0.74,686.00,245.00,220.50,3.50,5,0.10,13.49,,
0.71,710.50,269.50,220.50,3.50,2,0.10,14.14,,
0.71,710.50,269.50,220.50,3.50,3,0.10,13.77,,
0.71,710.50,269.50,220.50,3.50,4,0.10,14.30,,
0.71,710.50,269.50,220.50,3.50,5,0.10,13.87,,
0.69,735.00,294.00,220.50,3.50,2,0.10,14.44,,
0.69,735.00,294.00,220.50,3.50,3,0.10,14.27,,
0.69,735.00,294.00,220.50,3.50,4,0.10,14.67,,
0.69,735.00,294.00,220.50,3.50,5,0.10,14.40,,
0.66,759.50,318.50,220.50,3.50,2,0.10,13.46,,
0.66,759.50,318.50,220.50,3.50,3,0.10,13.70,,
0.66,759.50,318.50,220.50,3.50,4,0.10,13.59,,
0.66,759.50,318.50,220.50,3.50,5,0.10,13.83,,
0.64,784.00,343.00,220.50,3.50,2,0.10,19.14,,
0.64,784.00,343.00,220.50,3.50,3,0.10,19.18,,
0.64,784.00,343.00,220.50,3.50,4,0.10,19.37,,
0.64,784.00,343.00,220.50,3.50,5,0.10,19.29,,
0.62,808.50,367.50,220.50,3.50,2,0.10,14.09,,
0.62,808.50,367.50,220.50,3.50,3,0.10,14.23,,
0.62,808.50,367.50,220.50,3.50,4,0.10,14.14,,
0.62,808.50,367.50,220.50,3.50,5,0.10,13.89,,
0.98,514.50,294.00,110.25,7.00,2,0.10,25.91,,
0.98,514.50,294.00,110.25,7.00,3,0.10,25.72,,
0.98,514.50,294.00,110.25,7.00,4,0.10,26.18,,
0.98,514.50,294.00,110.25,7.00,5,0.10,25.87,,
0.90,563.50,318.50,122.50,7.00,2,0.10,29.34,,
0.90,563.50,318.50,122.50,7.00,3,0.10,33.91,,
0.90,563.50,318.50,122.50,7.00,4,0.10,32.83,,
0.90,563.50,318.50,122.50,7.00,5,0.10,29.92,,
0.86,588.00,294.00,147.00,7.00,2,0.10,27.17,,
0.86,588.00,294.00,147.00,7.00,3,0.10,31.76,,
0.86,588.00,294.00,147.00,7.00,4,0.10,31.06,,
0.86,588.00,294.00,147.00,7.00,5,0.10,25.81,,
0.82,612.50,318.50,147.00,7.00,2,0.10,24.61,,
0.82,612.50,318.50,147.00,7.00,3,0.10,28.61,,
0.82,612.50,318.50,147.00,7.00,4,0.10,27.57,,
0.82,612.50,318.50,147.00,7.00,5,0.10,25.16,,
0.79,637.00,343.00,147.00,7.00,2,0.10,34.25,,
0.79,637.00,343.00,147.00,7.00,3,0.10,43.30,,
0.79,637.00,343.00,147.00,7.00,4,0.10,41.86,,
0.79,637.00,343.00,147.00,7.00,5,0.10,35.29,,
0.76,661.50,416.50,122.50,7.00,2,0.10,34.11,,
0.76,661.50,416.50,122.50,7.00,3,0.10,33.62,,
0.76,661.50,416.50,122.50,7.00,4,0.10,33.89,,
0.76,661.50,416.50,122.50,7.00,5,0.10,34.05,,
0.74,686.00,245.00,220.50,3.50,2,0.10,13.20,,
0.74,686.00,245.00,220.50,3.50,3,0.10,13.36,,
0.74,686.00,245.00,220.50,3.50,4,0.10,13.21,,
0.74,686.00,245.00,220.50,3.50,5,0.10,13.53,,
0.71,710.50,269.50,220.50,3.50,2,0.10,13.67,,
0.71,710.50,269.50,220.50,3.50,3,0.10,14.12,,
0.71,710.50,269.50,220.50,3.50,4,0.10,13.79,,
0.71,710.50,269.50,220.50,3.50,5,0.10,14.20,,
0.69,735.00,294.00,220.50,3.50,2,0.10,14.29,,
0.69,735.00,294.00,220.50,3.50,3,0.10,14.49,,
0.69,735.00,294.00,220.50,3.50,4,0.10,14.42,,
0.69,735.00,294.00,220.50,3.50,5,0.10,14.73,,
0.66,759.50,318.50,220.50,3.50,2,0.10,14.86,,
0.66,759.50,318.50,220.50,3.50,3,0.10,14.67,,
0.66,759.50,318.50,220.50,3.50,4,0.10,15.00,,
0.66,759.50,318.50,220.50,3.50,5,0.10,14.83,,
0.64,784.00,343.00,220.50,3.50,2,0.10,19.24,,
0.64,784.00,343.00,220.50,3.50,3,0.10,19.25,,
0.64,784.00,343.00,220.50,3.50,4,0.10,19.42,,
0.64,784.00,343.00,220.50,3.50,5,0.10,19.48,,
0.62,808.50,367.50,220.50,3.50,2,0.10,14.37,,
0.62,808.50,367.50,220.50,3.50,3,0.10,14.34,,
0.62,808.50,367.50,220.50,3.50,4,0.10,14.28,,
0.62,808.50,367.50,220.50,3.50,5,0.10,14.47,,
0.98,514.50,294.00,110.25,7.00,2,0.10,25.64,,
0.98,514.50,294.00,110.25,7.00,3,0.10,25.98,,
0.98,514.50,294.00,110.25,7.00,4,0.10,25.88,,
0.98,514.50,294.00,110.25,7.00,5,0.10,26.18,,
0.90,563.50,318.50,122.50,7.00,2,0.10,29.82,,
0.90,563.50,318.50,122.50,7.00,3,0.10,29.52,,
0.90,563.50,318.50,122.50,7.00,4,0.10,34.45,,
0.90,563.50,318.50,122.50,7.00,5,0.10,33.01,,
0.86,588.00,294.00,147.00,7.00,2,0.10,25.82,,
0.86,588.00,294.00,147.00,7.00,3,0.10,27.33,,
0.86,588.00,294.00,147.00,7.00,4,0.10,32.04,,
0.86,588.00,294.00,147.00,7.00,5,0.10,31.28,,
0.82,612.50,318.50,147.00,7.00,2,0.10,25.11,,
0.82,612.50,318.50,147.00,7.00,3,0.10,24.77,,
0.82,612.50,318.50,147.00,7.00,4,0.10,28.88,,
0.82,612.50,318.50,147.00,7.00,5,0.10,27.69,,
0.79,637.00,343.00,147.00,7.00,2,0.10,34.99,,
0.79,637.00,343.00,147.00,7.00,3,0.10,34.18,,
0.79,637.00,343.00,147.00,7.00,4,0.10,43.14,,
0.79,637.00,343.00,147.00,7.00,5,0.10,41.26,,
0.76,661.50,416.50,122.50,7.00,2,0.10,34.25,,
0.76,661.50,416.50,122.50,7.00,3,0.10,34.35,,
0.76,661.50,416.50,122.50,7.00,4,0.10,33.64,,
0.76,661.50,416.50,122.50,7.00,5,0.10,33.88,,
0.74,686.00,245.00,220.50,3.50,2,0.10,13.65,,
0.74,686.00,245.00,220.50,3.50,3,0.10,13.44,,
0.74,686.00,245.00,220.50,3.50,4,0.10,13.72,,
0.74,686.00,245.00,220.50,3.50,5,0.10,13.50,,
0.71,710.50,269.50,220.50,3.50,2,0.10,14.18,,
0.71,710.50,269.50,220.50,3.50,3,0.10,13.75,,
0.71,710.50,269.50,220.50,3.50,4,0.10,14.26,,
0.71,710.50,269.50,220.50,3.50,5,0.10,13.89,,
0.69,735.00,294.00,220.50,3.50,2,0.10,14.55,,
0.69,735.00,294.00,220.50,3.50,3,0.10,14.28,,
0.69,735.00,294.00,220.50,3.50,4,0.10,14.46,,
0.69,735.00,294.00,220.50,3.50,5,0.10,14.39,,
0.66,759.50,318.50,220.50,3.50,2,0.10,14.54,,
0.66,759.50,318.50,220.50,3.50,3,0.10,14.81,,
0.66,759.50,318.50,220.50,3.50,4,0.10,14.65,,
0.66,759.50,318.50,220.50,3.50,5,0.10,14.87,,
0.64,784.00,343.00,220.50,3.50,2,0.10,19.24,,
0.64,784.00,343.00,220.50,3.50,3,0.10,19.18,,
0.64,784.00,343.00,220.50,3.50,4,0.10,19.26,,
0.64,784.00,343.00,220.50,3.50,5,0.10,19.29,,
0.62,808.50,367.50,220.50,3.50,2,0.10,14.24,,
0.62,808.50,367.50,220.50,3.50,3,0.10,13.97,,
0.62,808.50,367.50,220.50,3.50,4,0.10,13.99,,
0.62,808.50,367.50,220.50,3.50,5,0.10,14.15,,
0.98,514.50,294.00,110.25,7.00,2,0.25,29.79,,
0.98,514.50,294.00,110.25,7.00,3,0.25,29.79,,
0.98,514.50,294.00,110.25,7.00,4,0.25,29.28,,
0.98,514.50,294.00,110.25,7.00,5,0.25,29.49,,
0.90,563.50,318.50,122.50,7.00,2,0.25,36.12,,
0.90,563.50,318.50,122.50,7.00,3,0.25,33.17,,
0.90,563.50,318.50,122.50,7.00,4,0.25,32.71,,
0.90,563.50,318.50,122.50,7.00,5,0.25,37.58,,
0.86,588.00,294.00,147.00,7.00,2,0.25,33.98,,
0.86,588.00,294.00,147.00,7.00,3,0.25,28.61,,
0.86,588.00,294.00,147.00,7.00,4,0.25,30.12,,
0.86,588.00,294.00,147.00,7.00,5,0.25,34.73,,
0.82,612.50,318.50,147.00,7.00,2,0.25,30.17,,
0.82,612.50,318.50,147.00,7.00,3,0.25,27.84,,
0.82,612.50,318.50,147.00,7.00,4,0.25,27.25,,
0.82,612.50,318.50,147.00,7.00,5,0.25,31.39,,
0.79,637.00,343.00,147.00,7.00,2,0.25,43.80,,
0.79,637.00,343.00,147.00,7.00,3,0.25,37.81,,
0.79,637.00,343.00,147.00,7.00,4,0.25,36.85,,
0.79,637.00,343.00,147.00,7.00,5,0.25,45.52,,
0.76,661.50,416.50,122.50,7.00,2,0.25,36.85,,
0.76,661.50,416.50,122.50,7.00,3,0.25,37.58,,
0.76,661.50,416.50,122.50,7.00,4,0.25,37.45,,
0.76,661.50,416.50,122.50,7.00,5,0.25,36.62,,
0.74,686.00,245.00,220.50,3.50,2,0.25,15.19,,
0.74,686.00,245.00,220.50,3.50,3,0.25,15.50,,
0.74,686.00,245.00,220.50,3.50,4,0.25,15.28,,
0.74,686.00,245.00,220.50,3.50,5,0.25,15.50,,
0.71,710.50,269.50,220.50,3.50,2,0.25,15.42,,
0.71,710.50,269.50,220.50,3.50,3,0.25,15.85,,
0.71,710.50,269.50,220.50,3.50,4,0.25,15.44,,
0.71,710.50,269.50,220.50,3.50,5,0.25,15.81,,
0.69,735.00,294.00,220.50,3.50,2,0.25,15.21,,
0.69,735.00,294.00,220.50,3.50,3,0.25,15.63,,
0.69,735.00,294.00,220.50,3.50,4,0.25,15.48,,
0.69,735.00,294.00,220.50,3.50,5,0.25,15.78,,
0.66,759.50,318.50,220.50,3.50,2,0.25,16.39,,
0.66,759.50,318.50,220.50,3.50,3,0.25,16.27,,
0.66,759.50,318.50,220.50,3.50,4,0.25,16.39,,
0.66,759.50,318.50,220.50,3.50,5,0.25,16.19,,
0.64,784.00,343.00,220.50,3.50,2,0.25,21.13,,
0.64,784.00,343.00,220.50,3.50,3,0.25,21.19,,
0.64,784.00,343.00,220.50,3.50,4,0.25,21.09,,
0.64,784.00,343.00,220.50,3.50,5,0.25,21.08,,
0.62,808.50,367.50,220.50,3.50,2,0.25,15.77,,
0.62,808.50,367.50,220.50,3.50,3,0.25,15.95,,
0.62,808.50,367.50,220.50,3.50,4,0.25,15.77,,
0.62,808.50,367.50,220.50,3.50,5,0.25,15.76,,
0.98,514.50,294.00,110.25,7.00,2,0.25,29.62,,
0.98,514.50,294.00,110.25,7.00,3,0.25,29.69,,
0.98,514.50,294.00,110.25,7.00,4,0.25,30.18,,
0.98,514.50,294.00,110.25,7.00,5,0.25,30.02,,
0.90,563.50,318.50,122.50,7.00,2,0.25,35.56,,
0.90,563.50,318.50,122.50,7.00,3,0.25,32.64,,
0.90,563.50,318.50,122.50,7.00,4,0.25,32.77,,
0.90,563.50,318.50,122.50,7.00,5,0.25,37.72,,
0.86,588.00,294.00,147.00,7.00,2,0.25,33.37,,
0.86,588.00,294.00,147.00,7.00,3,0.25,27.89,,
0.86,588.00,294.00,147.00,7.00,4,0.25,29.90,,
0.86,588.00,294.00,147.00,7.00,5,0.25,34.52,,
0.82,612.50,318.50,147.00,7.00,2,0.25,28.27,,
0.82,612.50,318.50,147.00,7.00,3,0.25,26.96,,
0.82,612.50,318.50,147.00,7.00,4,0.25,26.72,,
0.82,612.50,318.50,147.00,7.00,5,0.25,29.88,,
0.79,637.00,343.00,147.00,7.00,2,0.25,43.86,,
0.79,637.00,343.00,147.00,7.00,3,0.25,37.41,,
0.79,637.00,343.00,147.00,7.00,4,0.25,36.77,,
0.79,637.00,343.00,147.00,7.00,5,0.25,45.97,,
0.76,661.50,416.50,122.50,7.00,2,0.25,36.87,,
0.76,661.50,416.50,122.50,7.00,3,0.25,37.35,,
0.76,661.50,416.50,122.50,7.00,4,0.25,37.28,,
0.76,661.50,416.50,122.50,7.00,5,0.25,36.81,,
0.74,686.00,245.00,220.50,3.50,2,0.25,14.73,,
0.74,686.00,245.00,220.50,3.50,3,0.25,15.10,,
0.74,686.00,245.00,220.50,3.50,4,0.25,15.18,,
0.74,686.00,245.00,220.50,3.50,5,0.25,15.44,,
0.71,710.50,269.50,220.50,3.50,2,0.25,14.91,,
0.71,710.50,269.50,220.50,3.50,3,0.25,15.40,,
0.71,710.50,269.50,220.50,3.50,4,0.25,14.94,,
0.71,710.50,269.50,220.50,3.50,5,0.25,15.32,,
0.69,735.00,294.00,220.50,3.50,2,0.25,15.52,,
0.69,735.00,294.00,220.50,3.50,3,0.25,15.85,,
0.69,735.00,294.00,220.50,3.50,4,0.25,15.66,,
0.69,735.00,294.00,220.50,3.50,5,0.25,15.99,,
0.66,759.50,318.50,220.50,3.50,2,0.25,15.89,,
0.66,759.50,318.50,220.50,3.50,3,0.25,15.85,,
0.66,759.50,318.50,220.50,3.50,4,0.25,16.22,,
0.66,759.50,318.50,220.50,3.50,5,0.25,15.87,,
0.64,784.00,343.00,220.50,3.50,2,0.25,20.47,,
0.64,784.00,343.00,220.50,3.50,3,0.25,20.56,,
0.64,784.00,343.00,220.50,3.50,4,0.25,20.48,,
0.64,784.00,343.00,220.50,3.50,5,0.25,20.43,,
0.62,808.50,367.50,220.50,3.50,2,0.25,15.32,,
0.62,808.50,367.50,220.50,3.50,3,0.25,15.64,,
0.62,808.50,367.50,220.50,3.50,4,0.25,15.14,,
0.62,808.50,367.50,220.50,3.50,5,0.25,15.30,,
0.98,514.50,294.00,110.25,7.00,2,0.25,29.43,,
0.98,514.50,294.00,110.25,7.00,3,0.25,29.78,,
0.98,514.50,294.00,110.25,7.00,4,0.25,30.10,,
0.98,514.50,294.00,110.25,7.00,5,0.25,30.19,,
0.90,563.50,318.50,122.50,7.00,2,0.25,36.35,,
0.90,563.50,318.50,122.50,7.00,3,0.25,35.10,,
0.90,563.50,318.50,122.50,7.00,4,0.25,32.83,,
0.90,563.50,318.50,122.50,7.00,5,0.25,32.46,,
0.86,588.00,294.00,147.00,7.00,2,0.25,33.52,,
0.86,588.00,294.00,147.00,7.00,3,0.25,32.93,,
0.86,588.00,294.00,147.00,7.00,4,0.25,28.38,,
0.86,588.00,294.00,147.00,7.00,5,0.25,29.82,,
0.82,612.50,318.50,147.00,7.00,2,0.25,28.77,,
0.82,612.50,318.50,147.00,7.00,3,0.25,27.76,,
0.82,612.50,318.50,147.00,7.00,4,0.25,26.95,,
0.82,612.50,318.50,147.00,7.00,5,0.25,26.41,,
0.79,637.00,343.00,147.00,7.00,2,0.25,45.13,,
0.79,637.00,343.00,147.00,7.00,3,0.25,43.66,,
0.79,637.00,343.00,147.00,7.00,4,0.25,37.76,,
0.79,637.00,343.00,147.00,7.00,5,0.25,36.87,,
0.76,661.50,416.50,122.50,7.00,2,0.25,36.07,,
0.76,661.50,416.50,122.50,7.00,3,0.25,36.44,,
0.76,661.50,416.50,122.50,7.00,4,0.25,37.28,,
0.76,661.50,416.50,122.50,7.00,5,0.25,37.29,,
0.74,686.00,245.00,220.50,3.50,2,0.25,14.49,,
0.74,686.00,245.00,220.50,3.50,3,0.25,13.79,,
0.74,686.00,245.00,220.50,3.50,4,0.25,14.72,,
0.74,686.00,245.00,220.50,3.50,5,0.25,14.76,,
0.71,710.50,269.50,220.50,3.50,2,0.25,14.92,,
0.71,710.50,269.50,220.50,3.50,3,0.25,14.74,,
0.71,710.50,269.50,220.50,3.50,4,0.25,15.57,,
0.71,710.50,269.50,220.50,3.50,5,0.25,14.94,,
0.69,735.00,294.00,220.50,3.50,2,0.25,14.92,,
0.69,735.00,294.00,220.50,3.50,3,0.25,14.38,,
0.69,735.00,294.00,220.50,3.50,4,0.25,15.44,,
0.69,735.00,294.00,220.50,3.50,5,0.25,15.17,,
0.66,759.50,318.50,220.50,3.50,2,0.25,15.53,,
0.66,759.50,318.50,220.50,3.50,3,0.25,15.80,,
0.66,759.50,318.50,220.50,3.50,4,0.25,16.14,,
0.66,759.50,318.50,220.50,3.50,5,0.25,16.26,,
0.64,784.00,343.00,220.50,3.50,2,0.25,19.87,,
0.64,784.00,343.00,220.50,3.50,3,0.25,20.03,,
0.64,784.00,343.00,220.50,3.50,4,0.25,20.46,,
0.64,784.00,343.00,220.50,3.50,5,0.25,20.28,,
0.62,808.50,367.50,220.50,3.50,2,0.25,14.89,,
0.62,808.50,367.50,220.50,3.50,3,0.25,14.96,,
0.62,808.50,367.50,220.50,3.50,4,0.25,14.89,,
0.62,808.50,367.50,220.50,3.50,5,0.25,14.35,,
0.98,514.50,294.00,110.25,7.00,2,0.25,29.61,,
0.98,514.50,294.00,110.25,7.00,3,0.25,29.59,,
0.98,514.50,294.00,110.25,7.00,4,0.25,30.19,,
0.98,514.50,294.00,110.25,7.00,5,0.25,30.12,,
0.90,563.50,318.50,122.50,7.00,2,0.25,32.12,,
0.90,563.50,318.50,122.50,7.00,3,0.25,37.12,,
0.90,563.50,318.50,122.50,7.00,4,0.25,36.16,,
0.90,563.50,318.50,122.50,7.00,5,0.25,33.16,,
0.86,588.00,294.00,147.00,7.00,2,0.25,29.45,,
0.86,588.00,294.00,147.00,7.00,3,0.25,34.19,,
0.86,588.00,294.00,147.00,7.00,4,0.25,33.93,,
0.86,588.00,294.00,147.00,7.00,5,0.25,28.31,,
0.82,612.50,318.50,147.00,7.00,2,0.25,26.30,,
0.82,612.50,318.50,147.00,7.00,3,0.25,29.43,,
0.82,612.50,318.50,147.00,7.00,4,0.25,28.76,,
0.82,612.50,318.50,147.00,7.00,5,0.25,27.34,,
0.79,637.00,343.00,147.00,7.00,2,0.25,36.26,,
0.79,637.00,343.00,147.00,7.00,3,0.25,45.48,,
0.79,637.00,343.00,147.00,7.00,4,0.25,44.16,,
0.79,637.00,343.00,147.00,7.00,5,0.25,37.26,,
0.76,661.50,416.50,122.50,7.00,2,0.25,37.20,,
0.76,661.50,416.50,122.50,7.00,3,0.25,36.76,,
0.76,661.50,416.50,122.50,7.00,4,0.25,37.05,,
0.76,661.50,416.50,122.50,7.00,5,0.25,37.51,,
0.74,686.00,245.00,220.50,3.50,2,0.25,14.92,,
0.74,686.00,245.00,220.50,3.50,3,0.25,15.24,,
0.74,686.00,245.00,220.50,3.50,4,0.25,15.03,,
0.74,686.00,245.00,220.50,3.50,5,0.25,15.35,,
0.71,710.50,269.50,220.50,3.50,2,0.25,14.67,,
0.71,710.50,269.50,220.50,3.50,3,0.25,15.09,,
0.71,710.50,269.50,220.50,3.50,4,0.25,15.20,,
0.71,710.50,269.50,220.50,3.50,5,0.25,15.64,,
0.69,735.00,294.00,220.50,3.50,2,0.25,15.37,,
0.69,735.00,294.00,220.50,3.50,3,0.25,15.73,,
0.69,735.00,294.00,220.50,3.50,4,0.25,15.83,,
0.69,735.00,294.00,220.50,3.50,5,0.25,16.13,,
0.66,759.50,318.50,220.50,3.50,2,0.25,15.95,,
0.66,759.50,318.50,220.50,3.50,3,0.25,15.59,,
0.66,759.50,318.50,220.50,3.50,4,0.25,16.17,,
0.66,759.50,318.50,220.50,3.50,5,0.25,16.14,,
0.64,784.00,343.00,220.50,3.50,2,0.25,19.65,,
0.64,784.00,343.00,220.50,3.50,3,0.25,19.76,,
0.64,784.00,343.00,220.50,3.50,4,0.25,20.37,,
0.64,784.00,343.00,220.50,3.50,5,0.25,19.90,,
0.62,808.50,367.50,220.50,3.50,2,0.25,15.41,,
0.62,808.50,367.50,220.50,3.50,3,0.25,15.56,,
0.62,808.50,367.50,220.50,3.50,4,0.25,15.07,,
0.62,808.50,367.50,220.50,3.50,5,0.25,15.38,,
0.98,514.50,294.00,110.25,7.00,2,0.25,29.53,,
0.98,514.50,294.00,110.25,7.00,3,0.25,29.77,,
0.98,514.50,294.00,110.25,7.00,4,0.25,30.00,,
0.98,514.50,294.00,110.25,7.00,5,0.25,30.20,,
0.90,563.50,318.50,122.50,7.00,2,0.25,32.25,,
0.90,563.50,318.50,122.50,7.00,3,0.25,32.00,,
0.90,563.50,318.50,122.50,7.00,4,0.25,37.19,,
0.90,563.50,318.50,122.50,7.00,5,0.25,35.62,,
0.86,588.00,294.00,147.00,7.00,2,0.25,28.02,,
0.86,588.00,294.00,147.00,7.00,3,0.25,29.43,,
0.86,588.00,294.00,147.00,7.00,4,0.25,34.15,,
0.86,588.00,294.00,147.00,7.00,5,0.25,33.47,,
0.82,612.50,318.50,147.00,7.00,2,0.25,26.53,,
0.82,612.50,318.50,147.00,7.00,3,0.25,26.08,,
0.82,612.50,318.50,147.00,7.00,4,0.25,29.31,,
0.82,612.50,318.50,147.00,7.00,5,0.25,28.14,,
0.79,637.00,343.00,147.00,7.00,2,0.25,37.54,,
0.79,637.00,343.00,147.00,7.00,3,0.25,36.66,,
0.79,637.00,343.00,147.00,7.00,4,0.25,45.28,,
0.79,637.00,343.00,147.00,7.00,5,0.25,43.73,,
0.76,661.50,416.50,122.50,7.00,2,0.25,36.93,,
0.76,661.50,416.50,122.50,7.00,3,0.25,37.01,,
0.76,661.50,416.50,122.50,7.00,4,0.25,35.73,,
0.76,661.50,416.50,122.50,7.00,5,0.25,36.15,,
0.74,686.00,245.00,220.50,3.50,2,0.25,14.48,,
0.74,686.00,245.00,220.50,3.50,3,0.25,14.58,,
0.74,686.00,245.00,220.50,3.50,4,0.25,14.81,,
0.74,686.00,245.00,220.50,3.50,5,0.25,14.03,,
0.71,710.50,269.50,220.50,3.50,2,0.25,15.27,,
0.71,710.50,269.50,220.50,3.50,3,0.25,14.71,,
0.71,710.50,269.50,220.50,3.50,4,0.25,15.23,,
0.71,710.50,269.50,220.50,3.50,5,0.25,14.97,,
0.69,735.00,294.00,220.50,3.50,2,0.25,15.14,,
0.69,735.00,294.00,220.50,3.50,3,0.25,14.97,,
0.69,735.00,294.00,220.50,3.50,4,0.25,15.22,,
0.69,735.00,294.00,220.50,3.50,5,0.25,14.60,,
0.66,759.50,318.50,220.50,3.50,2,0.25,15.83,,
0.66,759.50,318.50,220.50,3.50,3,0.25,16.03,,
0.66,759.50,318.50,220.50,3.50,4,0.25,15.80,,
0.66,759.50,318.50,220.50,3.50,5,0.25,16.06,,
0.64,784.00,343.00,220.50,3.50,2,0.25,20.13,,
0.64,784.00,343.00,220.50,3.50,3,0.25,20.01,,
0.64,784.00,343.00,220.50,3.50,4,0.25,20.19,,
0.64,784.00,343.00,220.50,3.50,5,0.25,20.29,,
0.62,808.50,367.50,220.50,3.50,2,0.25,15.19,,
0.62,808.50,367.50,220.50,3.50,3,0.25,14.61,,
0.62,808.50,367.50,220.50,3.50,4,0.25,14.61,,
0.62,808.50,367.50,220.50,3.50,5,0.25,14.75,,
0.98,514.50,294.00,110.25,7.00,2,0.40,33.37,,
0.98,514.50,294.00,110.25,7.00,3,0.40,33.34,,
0.98,514.50,294.00,110.25,7.00,4,0.40,32.83,,
0.98,514.50,294.00,110.25,7.00,5,0.40,33.04,,
0.90,563.50,318.50,122.50,7.00,2,0.40,39.28,,
0.90,563.50,318.50,122.50,7.00,3,0.40,36.38,,
0.90,563.50,318.50,122.50,7.00,4,0.40,35.92,,
0.90,563.50,318.50,122.50,7.00,5,0.40,40.99,,
0.86,588.00,294.00,147.00,7.00,2,0.40,35.99,,
0.86,588.00,294.00,147.00,7.00,3,0.40,30.66,,
0.86,588.00,294.00,147.00,7.00,4,0.40,31.70,,
0.86,588.00,294.00,147.00,7.00,5,0.40,36.73,,
0.82,612.50,318.50,147.00,7.00,2,0.40,31.71,,
0.82,612.50,318.50,147.00,7.00,3,0.40,29.13,,
0.82,612.50,318.50,147.00,7.00,4,0.40,28.99,,
0.82,612.50,318.50,147.00,7.00,5,0.40,33.54,,
0.79,637.00,343.00,147.00,7.00,2,0.40,45.29,,
0.79,637.00,343.00,147.00,7.00,3,0.40,39.07,,
0.79,637.00,343.00,147.00,7.00,4,0.40,38.35,,
0.79,637.00,343.00,147.00,7.00,5,0.40,46.94,,
0.76,661.50,416.50,122.50,7.00,2,0.40,39.55,,
0.76,661.50,416.50,122.50,7.00,3,0.40,40.85,,
0.76,661.50,416.50,122.50,7.00,4,0.40,40.63,,
0.76,661.50,416.50,122.50,7.00,5,0.40,39.48,,
0.74,686.00,245.00,220.50,3.50,2,0.40,16.94,,
0.74,686.00,245.00,220.50,3.50,3,0.40,17.25,,
0.74,686.00,245.00,220.50,3.50,4,0.40,17.03,,
0.74,686.00,245.00,220.50,3.50,5,0.40,17.25,,
0.71,710.50,269.50,220.50,3.50,2,0.40,17.10,,
0.71,710.50,269.50,220.50,3.50,3,0.40,17.51,,
0.71,710.50,269.50,220.50,3.50,4,0.40,17.12,,
0.71,710.50,269.50,220.50,3.50,5,0.40,17.47,,
0.69,735.00,294.00,220.50,3.50,2,0.40,16.50,,
0.69,735.00,294.00,220.50,3.50,3,0.40,17.00,,
0.69,735.00,294.00,220.50,3.50,4,0.40,16.87,,
0.69,735.00,294.00,220.50,3.50,5,0.40,17.20,,
0.66,759.50,318.50,220.50,3.50,2,0.40,18.14,,
0.66,759.50,318.50,220.50,3.50,3,0.40,18.03,,
0.66,759.50,318.50,220.50,3.50,4,0.40,18.14,,
0.66,759.50,318.50,220.50,3.50,5,0.40,17.95,,
0.64,784.00,343.00,220.50,3.50,2,0.40,22.72,,
0.64,784.00,343.00,220.50,3.50,3,0.40,22.73,,
0.64,784.00,343.00,220.50,3.50,4,0.40,22.72,,
0.64,784.00,343.00,220.50,3.50,5,0.40,22.53,,
0.62,808.50,367.50,220.50,3.50,2,0.40,17.20,,
0.62,808.50,367.50,220.50,3.50,3,0.40,17.21,,
0.62,808.50,367.50,220.50,3.50,4,0.40,17.15,,
0.62,808.50,367.50,220.50,3.50,5,0.40,17.20,,
0.98,514.50,294.00,110.25,7.00,2,0.40,32.96,,
0.98,514.50,294.00,110.25,7.00,3,0.40,33.13,,
0.98,514.50,294.00,110.25,7.00,4,0.40,33.94,,
0.98,514.50,294.00,110.25,7.00,5,0.40,33.78,,
0.90,563.50,318.50,122.50,7.00,2,0.40,38.35,,
0.90,563.50,318.50,122.50,7.00,3,0.40,35.39,,
0.90,563.50,318.50,122.50,7.00,4,0.40,34.94,,
0.90,563.50,318.50,122.50,7.00,5,0.40,40.66,,
0.86,588.00,294.00,147.00,7.00,2,0.40,35.48,,
0.86,588.00,294.00,147.00,7.00,3,0.40,30.53,,
0.86,588.00,294.00,147.00,7.00,4,0.40,32.28,,
0.86,588.00,294.00,147.00,7.00,5,0.40,36.86,,
0.82,612.50,318.50,147.00,7.00,2,0.40,30.34,,
0.82,612.50,318.50,147.00,7.00,3,0.40,27.93,,
0.82,612.50,318.50,147.00,7.00,4,0.40,28.95,,
0.82,612.50,318.50,147.00,7.00,5,0.40,32.92,,
0.79,637.00,343.00,147.00,7.00,2,0.40,45.59,,
0.79,637.00,343.00,147.00,7.00,3,0.40,39.41,,
0.79,637.00,343.00,147.00,7.00,4,0.40,38.84,,
0.79,637.00,343.00,147.00,7.00,5,0.40,48.03,,
0.76,661.50,416.50,122.50,7.00,2,0.40,39.48,,
0.76,661.50,416.50,122.50,7.00,3,0.40,40.40,,
0.76,661.50,416.50,122.50,7.00,4,0.40,40.47,,
0.76,661.50,416.50,122.50,7.00,5,0.40,39.70,,
0.74,686.00,245.00,220.50,3.50,2,0.40,16.43,,
0.74,686.00,245.00,220.50,3.50,3,0.40,16.93,,
0.74,686.00,245.00,220.50,3.50,4,0.40,16.99,,
0.74,686.00,245.00,220.50,3.50,5,0.40,17.03,,
0.71,710.50,269.50,220.50,3.50,2,0.40,16.77,,
0.71,710.50,269.50,220.50,3.50,3,0.40,17.37,,
0.71,710.50,269.50,220.50,3.50,4,0.40,17.27,,
0.71,710.50,269.50,220.50,3.50,5,0.40,17.51,,
0.69,735.00,294.00,220.50,3.50,2,0.40,16.44,,
0.69,735.00,294.00,220.50,3.50,3,0.40,17.01,,
0.69,735.00,294.00,220.50,3.50,4,0.40,17.23,,
0.69,735.00,294.00,220.50,3.50,5,0.40,17.22,,
0.66,759.50,318.50,220.50,3.50,2,0.40,17.85,,
0.66,759.50,318.50,220.50,3.50,3,0.40,17.89,,
0.66,759.50,318.50,220.50,3.50,4,0.40,18.36,,
0.66,759.50,318.50,220.50,3.50,5,0.40,18.15,,
0.64,784.00,343.00,220.50,3.50,2,0.40,21.72,,
0.64,784.00,343.00,220.50,3.50,3,0.40,22.07,,
0.64,784.00,343.00,220.50,3.50,4,0.40,22.09,,
0.64,784.00,343.00,220.50,3.50,5,0.40,21.93,,
0.62,808.50,367.50,220.50,3.50,2,0.40,17.36,,
0.62,808.50,367.50,220.50,3.50,3,0.40,17.38,,
0.62,808.50,367.50,220.50,3.50,4,0.40,16.86,,
0.62,808.50,367.50,220.50,3.50,5,0.40,16.99,,
0.98,514.50,294.00,110.25,7.00,2,0.40,32.78,,
0.98,514.50,294.00,110.25,7.00,3,0.40,33.24,,
0.98,514.50,294.00,110.25,7.00,4,0.40,33.86,,
0.98,514.50,294.00,110.25,7.00,5,0.40,34.00,,
0.90,563.50,318.50,122.50,7.00,2,0.40,37.26,,
0.90,563.50,318.50,122.50,7.00,3,0.40,35.04,,
0.90,563.50,318.50,122.50,7.00,4,0.40,33.82,,
0.90,563.50,318.50,122.50,7.00,5,0.40,33.31,,
0.86,588.00,294.00,147.00,7.00,2,0.40,35.22,,
0.86,588.00,294.00,147.00,7.00,3,0.40,34.70,,
0.86,588.00,294.00,147.00,7.00,4,0.40,30.11,,
0.86,588.00,294.00,147.00,7.00,5,0.40,31.60,,
0.82,612.50,318.50,147.00,7.00,2,0.40,32.43,,
0.82,612.50,318.50,147.00,7.00,3,0.40,30.65,,
0.82,612.50,318.50,147.00,7.00,4,0.40,29.77,,
0.82,612.50,318.50,147.00,7.00,5,0.40,29.64,,
0.79,637.00,343.00,147.00,7.00,2,0.40,46.44,,
0.79,637.00,343.00,147.00,7.00,3,0.40,44.18,,
0.79,637.00,343.00,147.00,7.00,4,0.40,38.81,,
0.79,637.00,343.00,147.00,7.00,5,0.40,38.23,,
0.76,661.50,416.50,122.50,7.00,2,0.40,38.17,,
0.76,661.50,416.50,122.50,7.00,3,0.40,38.48,,
0.76,661.50,416.50,122.50,7.00,4,0.40,39.66,,
0.76,661.50,416.50,122.50,7.00,5,0.40,40.10,,
0.74,686.00,245.00,220.50,3.50,2,0.40,16.08,,
0.74,686.00,245.00,220.50,3.50,3,0.40,15.39,,
0.74,686.00,245.00,220.50,3.50,4,0.40,16.57,,
0.74,686.00,245.00,220.50,3.50,5,0.40,16.60,,
0.71,710.50,269.50,220.50,3.50,2,0.40,16.11,,
0.71,710.50,269.50,220.50,3.50,3,0.40,15.47,,
0.71,710.50,269.50,220.50,3.50,4,0.40,16.70,,
0.71,710.50,269.50,220.50,3.50,5,0.40,16.10,,
0.69,735.00,294.00,220.50,3.50,2,0.40,16.35,,
0.69,735.00,294.00,220.50,3.50,3,0.40,15.84,,
0.69,735.00,294.00,220.50,3.50,4,0.40,16.99,,
0.69,735.00,294.00,220.50,3.50,5,0.40,17.02,,
0.66,759.50,318.50,220.50,3.50,2,0.40,17.04,,
0.66,759.50,318.50,220.50,3.50,3,0.40,17.63,,
0.66,759.50,318.50,220.50,3.50,4,0.40,18.10,,
0.66,759.50,318.50,220.50,3.50,5,0.40,18.22,,
0.64,784.00,343.00,220.50,3.50,2,0.40,20.78,,
0.64,784.00,343.00,220.50,3.50,3,0.40,20.72,,
0.64,784.00,343.00,220.50,3.50,4,0.40,21.54,,
0.64,784.00,343.00,220.50,3.50,5,0.40,21.53,,
0.62,808.50,367.50,220.50,3.50,2,0.40,16.90,,
0.62,808.50,367.50,220.50,3.50,3,0.40,17.14,,
0.62,808.50,367.50,220.50,3.50,4,0.40,16.56,,
0.62,808.50,367.50,220.50,3.50,5,0.40,16.00,,
0.98,514.50,294.00,110.25,7.00,2,0.40,32.95,,
0.98,514.50,294.00,110.25,7.00,3,0.40,33.06,,
0.98,514.50,294.00,110.25,7.00,4,0.40,33.95,,
0.98,514.50,294.00,110.25,7.00,5,0.40,33.88,,
0.90,563.50,318.50,122.50,7.00,2,0.40,33.98,,
0.90,563.50,318.50,122.50,7.00,3,0.40,39.92,,
0.90,563.50,318.50,122.50,7.00,4,0.40,39.22,,
0.90,563.50,318.50,122.50,7.00,5,0.40,36.10,,
0.86,588.00,294.00,147.00,7.00,2,0.40,31.53,,
0.86,588.00,294.00,147.00,7.00,3,0.40,36.20,,
0.86,588.00,294.00,147.00,7.00,4,0.40,36.21,,
0.86,588.00,294.00,147.00,7.00,5,0.40,31.00,,
0.82,612.50,318.50,147.00,7.00,2,0.40,28.20,,
0.82,612.50,318.50,147.00,7.00,3,0.40,32.35,,
0.82,612.50,318.50,147.00,7.00,4,0.40,31.14,,
0.82,612.50,318.50,147.00,7.00,5,0.40,28.43,,
0.79,637.00,343.00,147.00,7.00,2,0.40,38.33,,
0.79,637.00,343.00,147.00,7.00,3,0.40,47.59,,
0.79,637.00,343.00,147.00,7.00,4,0.40,46.23,,
0.79,637.00,343.00,147.00,7.00,5,0.40,39.56,,
0.76,661.50,416.50,122.50,7.00,2,0.40,40.36,,
0.76,661.50,416.50,122.50,7.00,3,0.40,39.67,,
0.76,661.50,416.50,122.50,7.00,4,0.40,39.85,,
0.76,661.50,416.50,122.50,7.00,5,0.40,40.77,,
0.74,686.00,245.00,220.50,3.50,2,0.40,16.61,,
0.74,686.00,245.00,220.50,3.50,3,0.40,16.74,,
0.74,686.00,245.00,220.50,3.50,4,0.40,16.90,,
0.74,686.00,245.00,220.50,3.50,5,0.40,17.32,,
0.71,710.50,269.50,220.50,3.50,2,0.40,16.85,,
0.71,710.50,269.50,220.50,3.50,3,0.40,17.20,,
0.71,710.50,269.50,220.50,3.50,4,0.40,17.23,,
0.71,710.50,269.50,220.50,3.50,5,0.40,17.74,,
0.69,735.00,294.00,220.50,3.50,2,0.40,16.81,,
0.69,735.00,294.00,220.50,3.50,3,0.40,16.88,,
0.69,735.00,294.00,220.50,3.50,4,0.40,16.90,,
0.69,735.00,294.00,220.50,3.50,5,0.40,17.39,,
0.66,759.50,318.50,220.50,3.50,2,0.40,17.86,,
0.66,759.50,318.50,220.50,3.50,3,0.40,17.82,,
0.66,759.50,318.50,220.50,3.50,4,0.40,18.36,,
0.66,759.50,318.50,220.50,3.50,5,0.40,18.24,,
0.64,784.00,343.00,220.50,3.50,2,0.40,21.68,,
0.64,784.00,343.00,220.50,3.50,3,0.40,21.54,,
0.64,784.00,343.00,220.50,3.50,4,0.40,22.25,,
0.64,784.00,343.00,220.50,3.50,5,0.40,22.49,,
0.62,808.50,367.50,220.50,3.50,2,0.40,17.10,,
0.62,808.50,367.50,220.50,3.50,3,0.40,16.79,,
0.62,808.50,367.50,220.50,3.50,4,0.40,16.58,,
0.62,808.50,367.50,220.50,3.50,5,0.40,16.79,,
0.98,514.50,294.00,110.25,7.00,2,0.40,32.88,,
0.98,514.50,294.00,110.25,7.00,3,0.40,33.23,,
0.98,514.50,294.00,110.25,7.00,4,0.40,33.76,,
0.98,514.50,294.00,110.25,7.00,5,0.40,34.01,,
0.90,563.50,318.50,122.50,7.00,2,0.40,33.94,,
0.90,563.50,318.50,122.50,7.00,3,0.40,33.14,,
0.90,563.50,318.50,122.50,7.00,4,0.40,38.79,,
0.90,563.50,318.50,122.50,7.00,5,0.40,37.27,,
0.86,588.00,294.00,147.00,7.00,2,0.40,29.69,,
0.86,588.00,294.00,147.00,7.00,3,0.40,31.20,,
0.86,588.00,294.00,147.00,7.00,4,0.40,36.26,,
0.86,588.00,294.00,147.00,7.00,5,0.40,35.71,,
0.82,612.50,318.50,147.00,7.00,2,0.40,29.93,,
0.82,612.50,318.50,147.00,7.00,3,0.40,29.56,,
0.82,612.50,318.50,147.00,7.00,4,0.40,33.84,,
0.82,612.50,318.50,147.00,7.00,5,0.40,32.54,,
0.79,637.00,343.00,147.00,7.00,2,0.40,38.56,,
0.79,637.00,343.00,147.00,7.00,3,0.40,37.70,,
0.79,637.00,343.00,147.00,7.00,4,0.40,47.01,,
0.79,637.00,343.00,147.00,7.00,5,0.40,44.87,,
0.76,661.50,416.50,122.50,7.00,2,0.40,39.37,,
0.76,661.50,416.50,122.50,7.00,3,0.40,39.80,,
0.76,661.50,416.50,122.50,7.00,4,0.40,37.79,,
0.76,661.50,416.50,122.50,7.00,5,0.40,38.18,,
0.74,686.00,245.00,220.50,3.50,2,0.40,16.69,,
0.74,686.00,245.00,220.50,3.50,3,0.40,16.62,,
0.74,686.00,245.00,220.50,3.50,4,0.40,16.94,,
0.74,686.00,245.00,220.50,3.50,5,0.40,16.70,,
0.71,710.50,269.50,220.50,3.50,2,0.40,15.59,,
0.71,710.50,269.50,220.50,3.50,3,0.40,14.58,,
0.71,710.50,269.50,220.50,3.50,4,0.40,15.33,,
0.71,710.50,269.50,220.50,3.50,5,0.40,15.31,,
0.69,735.00,294.00,220.50,3.50,2,0.40,16.63,,
0.69,735.00,294.00,220.50,3.50,3,0.40,15.87,,
0.69,735.00,294.00,220.50,3.50,4,0.40,16.54,,
0.69,735.00,294.00,220.50,3.50,5,0.40,16.74,,
0.66,759.50,318.50,220.50,3.50,2,0.40,17.64,,
0.66,759.50,318.50,220.50,3.50,3,0.40,17.79,,
0.66,759.50,318.50,220.50,3.50,4,0.40,17.55,,
0.66,759.50,318.50,220.50,3.50,5,0.40,18.06,,
0.64,784.00,343.00,220.50,3.50,2,0.40,20.82,,
0.64,784.00,343.00,220.50,3.50,3,0.40,20.21,,
0.64,784.00,343.00,220.50,3.50,4,0.40,20.71,,
0.64,784.00,343.00,220.50,3.50,5,0.40,21.40,,
0.62,808.50,367.50,220.50,3.50,2,0.40,16.88,,
0.62,808.50,367.50,220.50,3.50,3,0.40,17.11,,
0.62,808.50,367.50,220.50,3.50,4,0.40,16.61,,
0.62,808.50,367.50,220.50,3.50,5,0.40,16.03,,
,,,,,,,,,
,,,,,,,,,
,,,,,,,,,
,,,,,,,,,
,,,,,,,,,
,,,,,,,,,
,,,,,,,,,
,,,,,,,,,
,,,,,,,,,
,,,,,,,,,
,,,,,,,,,
,,,,,,,,,
,,,,,,,,,
,,,,,,,,,
,,,,,,,,,
,,,,,,,,,
,,,,,,,,,
,,,,,,,,,
,,,,,,,,,
,,,,,,,,,
,,,,,,,,,
,,,,,,,,,
,,,,,,,,,
,,,,,,,,,
,,,,,,,,,
,,,,,,,,,
,,,,,,,,,
,,,,,,,,,
,,,,,,,,,
,,,,,,,,,
,,,,,,,,,
,,,,,,,,,
,,,,,,,,,
,,,,,,,,,
,,,,,,,,,
,,,,,,,,,
,,,,,,,,,
,,,,,,,,,
,,,,,,,,,
,,,,,,,,,
,,,,,,,,,
,,,,,,,,,
,,,,,,,,,
,,,,,,,,,
,,,,,,,,,
,,,,,,,,,
,,,,,,,,,
,,,,,,,,,
,,,,,,,,,
,,,,,,,,,
,,,,,,,,,
,,,,,,,,,
,,,,,,,,,
,,,,,,,,,
,,,,,,,,,
,,,,,,,,,
,,,,,,,,,
,,,,,,,,,
,,,,,,,,,
,,,,,,,,,
,,,,,,,,,
,,,,,,,,,
,,,,,,,,,
,,,,,,,,,
,,,,,,,,,
,,,,,,,,,
,,,,,,,,,
,,,,,,,,,
,,,,,,,,,
,,,,,,,,,
,,,,,,,,,
,,,,,,,,,
,,,,,,,,,
,,,,,,,,,
,,,,,,,,,
,,,,,,,,,
,,,,,,,,,
,,,,,,,,,
,,,,,,,,,
,,,,,,,,,
,,,,,,,,,
,,,,,,,,,
,,,,,,,,,
,,,,,,,,,
,,,,,,,,,
,,,,,,,,,
,,,,,,,,,
,,,,,,,,,
,,,,,,,,,
,,,,,,,,,
,,,,,,,,,
,,,,,,,,,
,,,,,,,,,
,,,,,,,,,
,,,,,,,,,
,,,,,,,,,
,,,,,,,,,
,,,,,,,,,
,,,,,,,,,
,,,,,,,,,
,,,,,,,,,
,,,,,,,,,
,,,,,,,,,
,,,,,,,,,
,,,,,,,,,
,,,,,,,,,
,,,,,,,,,
,,,,,,,,,
,,,,,,,,,
,,,,,,,,,
,,,,,,,,,
,,,,,,,,,
,,,,,,,,,
,,,,,,,,,
,,,,,,,,,
,,,,,,,,,
,,,,,,,,,
,,,,,,,,,
,,,,,,,,,
,,,,,,,,,
,,,,,,,,,
,,,,,,,,,
,,,,,,,,,
,,,,,,,,,
,,,,,,,,,
,,,,,,,,,
,,,,,,,,,
,,,,,,,,,
,,,,,,,,,
,,,,,,,,,
,,,,,,,,,
,,,,,,,,,
,,,,,,,,,
,,,,,,,,,
,,,,,,,,,
,,,,,,,,,
,,,,,,,,,
,,,,,,,,,
,,,,,,,,,
,,,,,,,,,
,,,,,,,,,
,,,,,,,,,
,,,,,,,,,
,,,,,,,,,
,,,,,,,,,
,,,,,,,,,
,,,,,,,,,
,,,,,,,,,
,,,,,,,,,
,,,,,,,,,
,,,,,,,,,
,,,,,,,,,
,,,,,,,,,
,,,,,,,,,
,,,,,,,,,
,,,,,,,,,
,,,,,,,,,
,,,,,,,,,
,,,,,,,,,
,,,,,,,,,
,,,,,,,,,
,,,,,,,,,
,,,,,,,,,
,,,,,,,,,
,,,,,,,,,
,,,,,,,,,
,,,,,,,,,
,,,,,,,,,
,,,,,,,,,
,,,,,,,,,
,,,,,,,,,
,,,,,,,,,
,,,,,,,,,
,,,,,,,,,
,,,,,,,,,
,,,,,,,,,
,,,,,,,,,
,,,,,,,,,
,,,,,,,,,
,,,,,,,,,
,,,,,,,,,
,,,,,,,,,
,,,,,,,,,
,,,,,,,,,
,,,,,,,,,
,,,,,,,,,
,,,,,,,,,
,,,,,,,,,
,,,,,,,,,
,,,,,,,,,
,,,,,,,,,
,,,,,,,,,
,,,,,,,,,
,,,,,,,,,
,,,,,,,,,
,,,,,,,,,
,,,,,,,,,
,,,,,,,,,
,,,,,,,,,
,,,,,,,,,
,,,,,,,,,
,,,,,,,,,
,,,,,,,,,
,,,,,,,,,
,,,,,,,,,
,,,,,,,,,
,,,,,,,,,
,,,,,,,,,
,,,,,,,,,
,,,,,,,,,
,,,,,,,,,
,,,,,,,,,
,,,,,,,,,
,,,,,,,,,
,,,,,,,,,
,,,,,,,,,
,,,,,,,,,
,,,,,,,,,
,,,,,,,,,
,,,,,,,,,
,,,,,,,,,
,,,,,,,,,
,,,,,,,,,
,,,,,,,,,
,,,,,,,,,
,,,,,,,,,
,,,,,,,,,
,,,,,,,,,
,,,,,,,,,
,,,,,,,,,
,,,,,,,,,
,,,,,,,,,
,,,,,,,,,
,,,,,,,,,
,,,,,,,,,
,,,,,,,,,
,,,,,,,,,
,,,,,,,,,
,,,,,,,,,
,,,,,,,,,
,,,,,,,,,
,,,,,,,,,
,,,,,,,,,
,,,,,,,,,
,,,,,,,,,
,,,,,,,,,
,,,,,,,,,
,,,,,,,,,
,,,,,,,,,
,,,,,,,,,
,,,,,,,,,
,,,,,,,,,
,,,,,,,,,
,,,,,,,,,
,,,,,,,,,
,,,,,,,,,
,,,,,,,,,
,,,,,,,,,
,,,,,,,,,
,,,,,,,,,
,,,,,,,,,
,,,,,,,,,
,,,,,,,,,
,,,,,,,,,
,,,,,,,,,
,,,,,,,,,
,,,,,,,,,
,,,,,,,,,
,,,,,,,,,
,,,,,,,,,
,,,,,,,,,
,,,,,,,,,
,,,,,,,,,
,,,,,,,,,
,,,,,,,,,
,,,,,,,,,
,,,,,,,,,
,,,,,,,,,
,,,,,,,,,
,,,,,,,,,
,,,,,,,,,
,,,,,,,,,
,,,,,,,,,
,,,,,,,,,
,,,,,,,,,
,,,,,,,,,
,,,,,,,,,
,,,,,,,,,
,,,,,,,,,
,,,,,,,,,
,,,,,,,,,
,,,,,,,,,
,,,,,,,,,
,,,,,,,,,
,,,,,,,,,
,,,,,,,,,
,,,,,,,,,
,,,,,,,,,
,,,,,,,,,
,,,,,,,,,
,,,,,,,,,
,,,,,,,,,
,,,,,,,,,
,,,,,,,,,
,,,,,,,,,
,,,,,,,,,
,,,,,,,,,
,,,,,,,,,
,,,,,,,,,
,,,,,,,,,
,,,,,,,,,
,,,,,,,,,
,,,,,,,,,
,,,,,,,,,
,,,,,,,,,
,,,,,,,,,
,,,,,,,,,
,,,,,,,,,
,,,,,,,,,
,,,,,,,,,
,,,,,,,,,
,,,,,,,,,
,,,,,,,,,
,,,,,,,,,
,,,,,,,,,
,,,,,,,,,
,,,,,,,,,
,,,,,,,,,
,,,,,,,,,
,,,,,,,,,
,,,,,,,,,
,,,,,,,,,
,,,,,,,,,
,,,,,,,,,
,,,,,,,,,
,,,,,,,,,
,,,,,,,,,
,,,,,,,,,
,,,,,,,,,
,,,,,,,,,
,,,,,,,,,
,,,,,,,,,
,,,,,,,,,
,,,,,,,,,
,,,,,,,,,
,,,,,,,,,
,,,,,,,,,
,,,,,,,,,
,,,,,,,,,
,,,,,,,,,
,,,,,,,,,
,,,,,,,,,
,,,,,,,,,
,,,,,,,,,
,,,,,,,,,
,,,,,,,,,
,,,,,,,,,
,,,,,,,,,
,,,,,,,,,
,,,,,,,,,
,,,,,,,,,
,,,,,,,,,
,,,,,,,,,
,,,,,,,,,
,,,,,,,,,
,,,,,,,,,
,,,,,,,,,
,,,,,,,,,
,,,,,,,,,
,,,,,,,,,
,,,,,,,,,
,,,,,,,,,
,,,,,,,,,
,,,,,,,,,
,,,,,,,,,
,,,,,,,,,
,,,,,,,,,
,,,,,,,,,
,,,,,,,,,
,,,,,,,,,
,,,,,,,,,
,,,,,,,,,
,,,,,,,,,
,,,,,,,,,
,,,,,,,,,
,,,,,,,,,
,,,,,,,,,
,,,,,,,,,
,,,,,,,,,
,,,,,,,,,
,,,,,,,,,
,,,,,,,,,
,,,,,,,,,
,,,,,,,,,
,,,,,,,,,
,,,,,,,,,
,,,,,,,,,
,,,,,,,,,
,,,,,,,,,
,,,,,,,,,
,,,,,,,,,
,,,,,,,,,
,,,,,,,,,
,,,,,,,,,
,,,,,,,,,
,,,,,,,,,
,,,,,,,,,
,,,,,,,,,
,,,,,,,,,
,,,,,,,,,
,,,,,,,,,
,,,,,,,,,
,,,,,,,,,
,,,,,,,,,
,,,,,,,,,
,,,,,,,,,
,,,,,,,,,
,,,,,,,,,
,,,,,,,,,
,,,,,,,,,
,,,,,,,,,
,,,,,,,,,
,,,,,,,,,
,,,,,,,,,
,,,,,,,,,
,,,,,,,,,
,,,,,,,,,
,,,,,,,,,
,,,,,,,,,
,,,,,,,,,
,,,,,,,,,
,,,,,,,,,
,,,,,,,,,
,,,,,,,,,
,,,,,,,,,
,,,,,,,,,
,,,,,,,,,
,,,,,,,,,
,,,,,,,,,
,,,,,,,,,
,,,,,,,,,
,,,,,,,,,
,,,,,,,,,
,,,,,,,,,
,,,,,,,,,
,,,,,,,,,
,,,,,,,,,
,,,,,,,,,
,,,,,,,,,
,,,,,,,,,
,,,,,,,,,
,,,,,,,,,
,,,,,,,,,
,,,,,,,,,
,,,,,,,,,
,,,,,,,,,
,,,,,,,,,
,,,,,,,,,
,,,,,,,,,
,,,,,,,,,
,,,,,,,,,
,,,,,,,,,
,,,,,,,,,
,,,,,,,,,
,,,,,,,,,
,,,,,,,,,
,,,,,,,,,
,,,,,,,,,
,,,,,,,,,
,,,,,,,,,
,,,,,,,,,
,,,,,,,,,
,,,,,,,,,
,,,,,,,,,
,,,,,,,,,
,,,,,,,,,
,,,,,,,,,
,,,,,,,,,
,,,,,,,,,
,,,,,,,,,
,,,,,,,,,
,,,,,,,,,
,,,,,,,,,
,,,,,,,,,
,,,,,,,,,
,,,,,,,,,
,,,,,,,,,
,,,,,,,,,
,,,,,,,,,
,,,,,,,,,
,,,,,,,,,
,,,,,,,,,
,,,,,,,,,
,,,,,,,,,
,,,,,,,,,
,,,,,,,,,
,,,,,,,,,
,,,,,,,,,
,,,,,,,,,
,,,,,,,,,
,,,,,,,,,
,,,,,,,,,
,,,,,,,,,
,,,,,,,,,
,,,,,,,,,
,,,,,,,,,
,,,,,,,,,
,,,,,,,,,
,,,,,,,,,
,,,,,,,,,
,,,,,,,,,
,,,,,,,,,
,,,,,,,,,
,,,,,,,,,
,,,,,,,,,
,,,,,,,,,
,,,,,,,,,
,,,,,,,,,
,,,,,,,,,
,,,,,,,,,
,,,,,,,,,
,,,,,,,,,
,,,,,,,,,
,,,,,,,,,
,,,,,,,,,
,,,,,,,,,
,,,,,,,,,
,,,,,,,,,
